"publisher_id","reporting_org_id","reporting_org_name","sum_2016","sum_2017"
"111111_publisher","BE-BCE_KBO-0421210424","Koepel van de Vlaamse Noord-Zuidbeweging 11.11.11 VZW",,7985255.44962571
"3ie","US-EIN-262681792","3ie",4631729.03403318,12135041.2117757
"aai","NL-KVK-27264198","ActionAid International",29523082.4765317,162454.048416054
"aanl","NL-KVK-41217595","Stichting ActionAid",163620.89815359,8814439.24290517
"aasaman","NP-SWC-27693","Aassaman Nepal",,40833.1270363102
"aauk","GB-CHC-274467","ActionAid UK",5380784.26672343,6089922.98482862
"abaseen","GB-CHC-1157009","Abaseen Foundation UK",76112.97136218,31018.67891199
"ablechildafrica","GB-CHC-326859","AbleChildAfrica",25552.1808314706,
"abt","US-EIN-042347643","Abt Associates Inc",16534959.320793,4682523.8952874
"acaa","GB-CHC-1096908","Afghanistan and Central Asian Association",65924.2217913474,
"acet","US-EIN-11-3803281","African Center for Economic Transformation",,3509639.63
"acf","GB-CHC-1047501","Action Against Hunger",3383202.68130669,16728262.3900422
"achest","UG-RSB-73316","African Center for Global Health and Social Transformation",685938.935105235,3206838.96981775
"acodev","BE-BCE_KBO-0462279234","ACODEV",,1503644.2117213
"acord","GB-CHC-283302","ACORD",316117.3630278,
"across","KE-NCB-9381","Across",401027.671448594,
"act4africa","GB-COH-04276635","Act4Africa",117187.48932654,34752.94163815
"actec","BE-BCE_KBO-0424198222","Association for Cultural, Technical & Educational Cooperation",,3364274.87852358
"acu","GB-CHC-314137","Association of Commonwealth Universities",,150873.16613655
"acumen","US-EIN-134166228","Acumen",,1211772.09121021
"ada","BE-BCE_KBO-0408095925","Auto-Développement Afrique",,156602.935543852
"addinternational","GB-COH-294860","ADD International",1427806.72119104,1205286.84601729
"adg","BE-BCE_KBO-0432503697","Aide au Développement Gembloux asbl",,1738075.15259107
"_admin","PK-VSWA-511-2007","Acid Survivors Foundation",9840.9676068,
"_admin","XI-IATI-VSWA-511-2007","Acid Survivors Foundation",,31754.3030919016
"adrasom","KE-NGC-663","ADRA Somalia",1094788.8973643,
"adrauk","GB-CHC-1074937","ADRA-UK",1233367.83307281,883471.659674239
"aeras","US-EIN-522044704","Aeras",1518990.99,1033100.63
"aet","GB-CHC-313139","Africa Educational Trust",167441.366374394,269632.734279515
"afd","FR-3","AFD",1571397629.89582,1517602149.75679
"afdb","46002","African Development Bank Group",2983422650.72886,3488406501.16041
"afemena","LB-MOI-18291","Arab Foundation for Freedoms and Equality",,25939.130946
"afewinternational","NL-KVK-34148682","AFEW International",1805804.45819814,3276543.04233328
"africalia","BE-BCE_KBO-0474198059","AFRICALIA",,1541293.57461075
"afrikids","GB-CHC-1141028","AfriKids",346521.601761184,363896.95847025
"afsc","NL-KVK-41149831","Stichting CMC - Mensen met een Missie",,289489.723663776
"ageintl","GB-CHC-1128267-8","HelpAge International UK",4093402.7172181,4806841.61936112
"agencia_do_zambeze","MZ-NUIT-50039061","Agência do Zambeze",,2126356.87593344
"agriprofocus","NL-KVK-30204842","AgriProFocus",517680.695045266,364259.043057961
"agriterra","NL-KVK-41048542","Stichting Agriterra",14567175.3350573,19393903.9781726
"aias","MZ-NUIT-700098168","Administração de Infra-Estruturas de Águas e Saneamento",,182158.110962436
"aics","XM-DAC-6-4","AICS - Italian Agency for Cooperation and Development",186933403.360005,342051360.418961
"akf_afghanistan","AF-MOE-138","Aga Khan Foundation Afghanistan",,735412.684327446
"akfuk73","GB-COH-1100897","Aga Khan Foundation (United Kingdom)",11673045.4729404,17119918.1584624
"aktis","GB-COH-08327972","AKTIS STRATEGY LTD",435544.24262168,513776.366647422
"akvo","NL-KVK-27327087","Akvo Foundation",1040224.56863,2712538.15379991
"alfalit","MZ-MOJ-203D","Alfalit",12424.4520394656,
"amrefeth","ET-MFA-0001989741","Amref Health Africa in Ethiopia",67028.7197742385,1035817.74340365
"amrefha","GB-CHC-261488","Amref Health Africa - UK",289575.080547702,
"amrefkenya","KE-NCB-93175","Amref Health Africa in Kenya",272744.654648495,403432.43139144
"amrefmw","MW-NBM-R1527","Amref Health Africa in Malawi",112827.57465909,98901.39514389
"amrefnl","NL-KVK-41150298","Amref Flying Doctors",10600283.9744622,12444728.0970231
"amurt_kenya","KE-NCB-OP21805193101154","Ananda Marga Universal Relief Team",,154993.643706306
"anda","MZ-MOJ-F30G1No89","Anda",20248.6854844098,
"apefe","BE-BCE_KBO-0415880570","Association pour la Promotion de l'Education et de la Formation à l'Etranger",,16499957.8843551
"aphrc","US-EIN-06-1608361","African Population and Health Research Center",,10000
"appro-af","AF-MOE-1212","Afghanistan Public Policy Research Organization (APPRO)",1760341.38589898,1650157.75
"appro-eu","BE-GTCF-630789842","APPRO - Europe",3876599.46672349,380000
"apt","GB-CHC-290836","APT Action on Poverty",266474.69682066,
"arcfge","LB-MOI-497","ABAAD- Resource Center for Gender Equality",,1226525
"ares","BE-BCE_KBO-0546740696","Académie de recherche et d'enseignement supérieur - ARES",,23016931.0823591
"ark","GB-COH-04589451","ARK",41627.5911879036,
"art19","GB-CHC-327421","Article 19",739991.735408999,9884.32487615494
"asdb","46004","Asian Development Bank",8304387365.74,9667488260.11
"asf","BE-BCE_KBO-0447404580","Avocats Sans Frontières",,1256475.89655901
"asil","GB-CHC-1049160","Anti-Slavery International",601067.134580099,181184.637073346
"a-t","BE-BCE_KBO-0423588904","Autre Terre asbl",,1225413.61595806
"atnf","NL-KVK-58279199","Access to Nutrition Foundation",,1637983.94078857
"ausgov","AU-5","Australian Aid",2837253703.63404,2821514861.95241
"avsi_uganda","UG-NGB-5914-129","AVSI Foundation",843347.333953855,1416511.12961842
"awepa","NL-KVK-34106722","AWEPA",1879288.73068149,937556.354583546
"awid","US-EIN-521291786","Association for Women's Rights in Development (AWID)",674728.992469085,696631.450780494
"bac","BE-BCE_KBO-0463729878","BENELUX AFRO CENTER",,9547187.94488897
"basicneeds","GB-CHC-1079599","BasicNeeds",256998.36010728,
"bauk","GB-CHC-1108464","Bees Abroad UK",51170.320545,
"bbcmediaaction","GB-CHC-1076235","BBC Media Action",20169709.6861075,6145779.25757374
"bcm-cf","MW-CNM-BCM-CF","Baylor College of Medicine Children's Foundation Malawi",119090.61859926,85876.532987798
"bd","BE-BCE_KBO-0418088113","Broederlijk Delen",,10129082.8941454
"be-dgd","XM-DAC-2-10","Directorate-general Development Cooperation and Humanitarian Aid",2850703528.05657,5715383540.84649
"beesfordevelopment","GB-CHC-1078803","Bees for Development Trust",121536.695471829,40108.795164574
"bioclimate","GB-SC-044007","Bioclimate Research and Development",312551.300000256,
"bismsi","BE-BCE_KBO-0478060441","Beweging voor Internationale Solidariteit - Mouvement pour la Solidarité Internationale (BIS-MSI)",,647567.144758697
"bmgf","DAC-1601","Bill and Melinda Gates Foundation",3820901955.3401,3829959275.5297
"bmu_iki","XI-IATI-IKI","BMU Programmbuero IKI",21867546996.7961,27314840684.2706
"bmz","DE-1","Bundesministerium für wirtschaftliche Zusammenarbeit und Entwicklung (BMZ)",4346147811.22721,4995515990.33419
"bnps","BD-NAB-0271","Bangladesh Nari Progati Sangha",,0
"bond","GB-CHC-1068839","Bond",1819312.47743802,1619574.42627758
"bos_plus_tropen","BE-BCE_KBO-0479222461","BOS+ tropen",,1441196.46447543
"bothends","NL-KVK-41210098","Both ENDS",19710837.1963253,20921335.760151
"brac_admin2","BD-NAB-002","BRAC",,2081836.30492369
"bracintl","GB-CHC-1115482","BRAC UK",175321.270417081,103351.88503769
"bracintl","GB-COH-1115482","BRAC UK",274947.702154856,308267.582695789
"bracintl","NL-CCI-20081098","BRAC International",15385843.9965872,5677993.79283891
"bucksfarm","UG-NGB-10890","Bucks Community NGO",,0
"cabi","XI-IATI-CABI","CABI",17669549.5123616,10964920.758252
"cadtm","BE-BCE_KBO-0446340550","COMITE POUR L'ABOLITION DES DETTES ILLEGITIMES",,447647.37177135
"cadtm","BE-BCE_KBO-0446340550","Comité pour l'abolition des dettes illégitimes",,28803.138061046
"cafod","GB-CHC-285776","CAFOD",16832181.6871394,27000012.3845317
"cafod","GB-CHC-285776","Catholic Agency for Overseas Development",805414.0678524,1423610.93292262
"caid","GB-CHC-1105851","Christian Aid",41668965.5436138,58547363.1722464
"cal","GB-COH-03259922","Crown Agents Limited",17312795.1427771,17796676.3988429
"camfed","GB-CHC-1029161","Camfed International",18860306.9181057,12294081.7002018
"carenederland","NL-KVK-41158230","CARE Nederland",3799756.68213008,26295977.8260007
"caritas_denmark","DK-CVR-29439915","Caritas Denmark",,5444066.9946702
"carter-center","US-EIN-58-1454716","The Carter Center",,628603.44345
"ccc","NL-KVK-41210820","Clean Clothes Campaign",2709197.46810265,
"cdeb-kvhb_admin","BE-BCE_KBO-0463455904","Chaîne de l'Espoir Belgique / Keten van Hoop België / Chain of Hope Belgium",,152829.423552658
"cec","BE-BCE_KBO-0417549465","Coopération Education Culture",,96749.883894663
"cecily","GB-CHC-1071660","Cecily's Fund",27997.9594929,
"cepr","GB-CHC-287287","Centre for Economic Policy Research",1853333.13621638,
"cerf","XM-OCHA-CERF","UNOCHA - Central Emergency Response Fund (CERF)",445090360,419708087
"cfyas","NL-KVK-32108345","CHOICE for Youth and Sexuality",825212.723139791,1724737.07101251
"childfund","US-EIN-54-0536100","ChildFund International",983170.95064206,
"childhopeuk","GB-CHC-328434","ChildHopeUK",2940965.15825657,1606341.31178175
"cibe","BE-BCE_KBO-0410644946","Caritas International (Belgium)",,3179594.79608233
"cifal","GB-SC-037597","CIFAL Scotland",92978.302362258,
"ciuk","GB-CHC-202615","CARE International UK",57427572.3567542,47714145.0165367
"cjp","BE-BCE_KBO-0418399305","COMMISSION JUSTICE ET PAIX ASBL (cjp)",,182527.901468779
"climate_centre","NL-KVK-27267681","Red Cross Red Crescent Climate Centre",695590.905970548,1738495.38906816
"clingendael","NL-KVK-41152832","Clingendael Institute",,1151277.50458392
"cncd","BE-BCE_KBO-0421207751","Centre National de Coopération au Développement",,2551171.23746651
"cocnl_publisher","NL-KVK-40530156","COC Nederland",1367530.00598368,2186284.16293682
"coffey","GB-COH-3799145","Coffey International Development, a Tetra Tech Company",,15540589.6975617
"coffey","GB-COH-3799145","Coffey International Development Ltd, A Tetra Tech Company",,19860456.9978782
"colalife","GB-CHC-1142516","ColaLife",437765.81990172,355317.65610832
"commonwealthsecretariat","XI-IATI-CWSEC","The Commonwealth Secretariat",,5736939.92286274
"concernuk","GB-CHC-1092236","Concern Worldwide (UK)",9651484.24869816,18375832.41945
"concern_worldwide","IE-CHY-20009090","Concern Worldwide",6724612.39979352,22657252.8761322
"congodorpen","BE-BCE_KBO-0408256667","Congodorpen vzw",,767880.604985893
"cordaid","NL-KVK-41160054","Cordaid",22624936.9162175,37809590.0403743
"cprojects","GB-CHC-326568","Charity Projects Ltd (Comic Relief)",68446377.1647819,51562077.2391248
"cprojects","GB-CHC-326569","Charity Projects Ltd (Comic Relief)",340504.25672118,500421.897875792
"cprojects","GB-CHC-326570","Charity Projects Ltd (Comic Relief)",740124.80535252,
"cr","GB-CHC-1055436","Conciliation Resources",,158589.789865882
"crane","UG-NGB-5914-9186","CRANE",,0
"crb-ai_admin","BE-BCE_KBO-0462132150","Croix-Rouge de Belgique Communauté francophone - Activités internationales ASBL",,2914795.93343825
"creausa-org","US-EIN-31-1812979","Creating Resources For Empowerment And Action Inc.",538534.275785815,555986.099426376
"crs_vyf","US-EIN-13-5563422","CATHOLIC RELIEF SERVICES",7494667.49149324,310076.091249497
"csa","BE-BCE_KBO-0448755949","Collectif Stratégies Alimentaires",,516705.232867716
"ct-admin","BE-BCE_KBO-0461076236","Centre Tricontinental",,205620.618797244
"ctc","GB-CHC-1152010","Child-to-Child",20087.299037679,
"cu","GB-CHC-272465","United Purpose",1969511.07239496,587909.676106377
"cuammtrustees","TN-TIN-102123727","CUAMM Trustee",116949.394841673,
"cww","GB-CHC-1150214","Carers Worldwide",85885.6486180116,32752.809136878
"cyan","GB-CHC-1129603","Cyan International",59852.835699509,90404.1452501616
"dai","NL-KVK-41236410","Dorcas Aid International",5306147.22432422,5529197.55812068
"dai-e","GB-COH-1858644","DAI Europe",38183792.2899906,100029544.874803
"damien-foundation","BE-BCE_KBO-0406694670","Damien Foundation/Action Damien/Damiaanactie",,6205138.79643669
"dance4life","NL-KVK-34197379","dance4life",952694.62533647,941668.631624895
"danida","XM-DAC-3-1","'Ministry of Foreign Affairs, Denmark'",2493211272.26526,2566729000.86498
"dapp","MW-CNM-21","Development Aid from People to People",734411.445904183,
"dba","BE-BCE_KBO-0433439550","Défi Belgique Afrique",,518838.929389919
"dc","GB-COH-07629751","Digital Campus",97738.565453382,10461.8823187537
"dca","DK-CVR-36980214","DanChurchAid",1226164.45150608,3497100.45029447
"dcaf","CH-FDJP-109458452","DCAF",,2710546.1401871
"dciecpatnl","NL-KVK-41208813","Defence for Children International Netherlands - ECPAT Netherlands",1703678.89294025,1670039.19175303
"ddp","GB-CHC-1046001","Disability and Development Partners",390666.46095371,145192.585215802
"decp","NL-KVK-27284008","Dutch Employers Cooperation Programme DECP",1036178.26624603,1265914.17428745
"dec-uk","GB-CHC-1062638","Disasters Emergency Committee",16776533.2108347,67587597.6289803
"defra_transparency","GB-GOV-7","Department for Environment, Food and Rural Affairs",31378024.8981327,14272649.1027902
"dfid","GB-GOV-1","Department for International Development",11750133274.8298,11235465090.0058
"dggf_financing_local_smes","NL-KVK-61172863","Stichting Fondsbeheer DGGF Lokaal MKB",22379714.71,53870092
"dhsc","GB-GOV-10","UK - Department of Health and Social Care (DHSC)",4798725.93014795,76633657.1397608
"diakonia802017-3517","SE-ON-802017-3517","Diakonia",,0
"dipr","GB-COH-06368740","Development Initiatives Poverty Research",,5391501.62966504
"dipr","GB-COH-06368740","Development Initiatives Poverty Research Limited",268406.847459284,361935.114950492
"djapo","BE-BCE_KBO-0408022778","Djapo",,1097386.51274299
"dla","US-EIN-522043740","Discovery Learning Alliance, Inc.",5096470.58,6097917.53
"dorp-org","BD-NAB-682","Development Organisation of the Rural Poor",,0
"dynamo_international","BE-BCE_KBO-0474912493","Dynamo International asbl",,408781.531307826
"ebrd","XI-IATI-EBRD","European Bank for Reconstruction and Development",2357643758.67203,1932950712.3576
"ec","BE-BCE_KBO-0443262185","Echos Communication",,1572921.83364619
"ec-devco","XI-IATI-EC_DEVCO","European Commission - Development and Cooperation-EuropeAid",9172282571.02032,12448875896.7456
"ec-echo","XI-IATI-EC_ECHO","Directorate-General for European Civil Protection and Humanitarian Aid Operations (ECHO)",2615379415.82433,3137067572.50213
"ec-fpi","XI-IATI-EC_FPI","European Commission ¿ Service for Foreign Policy Instruments",378586742.852965,320554241.871035
"ec-near","XI-IATI-EC_NEAR","European Commission - DG Neighbourhood and Enlargement Negotiations",142705402.609182,388851764.131342
"ec-near","XI-IATI-EC_NEAR","European Commission ¿ DG Neighbourhood and Enlargement Negotiations",4768903565.85536,5879598970.5024
"ecorysnl","NL-KVK-24316726","Ecorys",598271,1197245
"edt_kenya","KE-KROS-270901","CFBT EDUCATION TRUST",8317478.42459195,
"edt_kenya","KE-RCO-270901","Education development Trust",,475132.498762842
"eel","GB-CHC-1154085","Exeter Ethiopia Link",28564.56065814,34784.9130656
"ef_","BE-BCE_KBO-0418015461","Entraide et Fraternité",,2737884.6996605
"eif","XM-DAC-1409","Enhanced Integrated Framework",21621355.52,15474746.2
"eiuk","GB-CHC-289036","Emmanuel International UK",8534.7757052484,
"ejc","NL-KVK-41078390","European Journalism Centre",3049176.32657588,4179547.35798634
"emms","GB-SC-SC032327","EMMS International",985672.427011336,357851.0975966
"energy_saving_trust","GB-COH-02622374","Energy Saving Trust",,42595.558368777
"equileap","NL-KVK-65306198","Equileap",,121163.93622537
"ethiopiaiduk","GB-CHC-802353","Ethiopiaid",,485965.69724
"etmkdw","BE-BCE_KBO-0409451054","Enfance Tiers Monde / Kinderen Derde Wereld",,1093363.69186975
"excellent","GB-CHC-1094478","Excellent Development",0,
"fa","GB-COH-01926828","Farm Africa",6044348.62800716,6386124.20765769
"fact","ZW-PVO-WO1789","Family Aids Caring Trust",334493.56721161,236476.765442493
"fairtrade_be","BE-BCE_KBO-0441988715","Fairtrade Belgium vzw",,513635.742724046
"fairtrade_international","DE-AG-VR7795","Fairtrade Labelling Organizations International",1985293.67751908,
"fao","XM-DAC-41301","Food and Agriculture Organization (FAO)",3270651663.97,926534445.22
"fcam","NI-MIGOB-3602","Fondo Centroamericano de Mujeres - FCAM (Central American Women's Fund)",8188889.68750635,5263262.25703833
"fco","GB-GOV-3","UK - Foreign & Commonwealth Office",559522808.68664,731486903.658622
"fh","GB-CHC-328273","Food for the Hungry UK",189962.203861727,
"fiabel","XI-IATI-FIABEL","Fiabel",,207585.913970192
"fian-belgium","BE-BCE_KBO-0432622077","FIAN Belgium",,186545.207457216
"fida","KE-NCB-218/051/93132/90","FIDA",,0
"finance_canada","CA-4","Department of Finance Canada",371819810.33175,379293026.2651
"finland_mfa","FI-3","Ministry for Foreign Affairs of Finland",1060745246.1659,1094310112.64039
"foei","NL-KVK-40535338","Friends of the Earth International",2068275.36087881,2047177.11482663
"foenl","NL-KVK-40530467","Milieudefensie",10494552.4262848,6926222.76145714
"fomin","XI-IATI-MIF","Multilateral Investment Fund",71693813,111805497
"foncaba","BE-BCE_KBO-0409597544","FORMATION DE CADRES AFRICAINS KADERVORMING VOOR AFRIKANEN",,191933.712296874
"fos","BE-BCE_KBO-0432552989","FONDS VOOR ONTWIKKELINGSSAMENWERKING - SOCIALISTISCHE SOLIDARITEIT VZW",,4110554.3672731
"france","FR-6","MAEDI",3725649.16782119,4319897.22880533
"freeagirl","NL-KVK-34308169","Free a Girl",521836.66231722,753240.784599384
"free_press_unlimited","NL-KVK-52957535","Free Press Unlimited",8263362.64815839,6179964.11423544
"friendsofpwyf","US-EIN-47-4128047","Friends of Publish What You Fund",599520.73,556296.65
"ftm-291333","GB-CHC-291333","Feed the Minds",265733.831909479,70883.5192965495
"fucid","BE-BCE_KBO-0416934803","Forum Universitaire pour la Coopération Internationale au Développement",,147665.833534068
"fucid","BE-BCE_KBO-416934803","Forum Universitaire pour la Coopération Internationale au Développement",,10337.307576132
"fwf","NL-KVK-34111374","Fair Wear Foundation",12896922.4106343,17164461.9169977
"fyf","GB-CHC-250456","Find Your Feet",350916.800197231,89101.2606804019
"g3w-m3m_admin","BE-BCE_KBO-0418282311","G3W-M3M",,1164518.85575982
"gac-amc","CA-3","Foreign Affairs, Trade and Development Canada (DFATD)",1914674542.97796,1929000606.61623
"gain","30001","Global Alliance for Improved Nutrition",32828584,
"gan","NP-SWC-13712","Global Action Nepal",,51672.1698904061
"gavi","47122","The Global Alliance for Vaccination and Immunisation",1252468838,1298650691
"gb-chc-220949","GB-CHC-220949","British Red Cross",32404672.2377509,52289164.2761672
"gecfundmanagerpwc","GB-COH-03580586-GEC","Girls' Education Challenge - Fund Manager PwC",126972257.688577,67501648.2014576
"gecfundmanagerpwc","GB-COH-03580586-GEC","Girls’ Education Challenge – Fund Manager PwC",,45318274.5441322
"geomoun","BE-BCE_KBO-0472089102","GEOMOUN",,518475.860501856
"gif","GB-CHC-1171353","Global Innovation Fund",15772300.8308298,9598692.72659332
"girlsnotbrides","GB-CHC-1154230","Girls Not Brides: The Global Partnership to End Child Marriage",3354478.15748226,
"giro555","NL-KVK-27302841","Stichting SHO - Giro555",,39524357.1808501
"givedirectly","US-EIN-27-1661997","GiveDirectly",,847713
"globalgiving","US-EIN-300108263","GlobalGiving",,1696
"gnpplus","NL-KVK-41214768","Global Network of People Living with HIV (GNP+)",564989.9617288,14097.353775
"goal","GB-CHC-1107403","GOAL UK",2324557.94777008,5002466.94453366
"gogla","NL-KVK-62066064","Global Off-Grid Lighting Association",43468.34011224,152350.24608474
"gpe","XM-DAC-44101","Global Education Project",102909958.86,
"gppac","NL-KVK-41217404","GPPAC",823664.09114347,1576253.3202903
"guttmacher","US-EIN-13-2890727","Guttmacher Institute",,5900083.13
"hagar_uk","GB-CHC-1143852","hagar_uk",127404.624415331,
"hai","NL-KVK-41207580","Health Action International",2326354.13499849,1892222.38549673
"halo","GB-CHC-1001813","The HALO Trust",837876,558087
"handinhand","GB-CHC-1113868","Hand in Hand International",1161852.46272687,818820.307836205
"healthnet","NL-KVK-41211943","HealthNet TPO",28985.392642515,217488.33509919
"healthpartners-international","GB-COH-03054929","DAI Global Health",,1769491.9025048
"hefoundation","NL-KVK-58183167","Healthy Entrepreneurs Foundation",594343.85495353,871428.487495776
"helpage_international","GB-COH-1762840","HelpAge International",34318888.8950377,28520830.5744616
"hewlett-foundation","US-EIN-941655673","The William and Flora Hewlett Foundation",190829420,199746998
"hha","GB-CHC-1117528","Haiti Hospital Appeal",83665.6115394906,56368.7337775242
"hhc","GB-CHC-1089490","Hope and Homes for Children",890970.84380364,945437.311980734
"hi","GB-CHC-1017255","Homeless International",486118.370498743,12389.541988282
"hib","BE-BCE_KBO-0432235661","Handicap International Belgique",,3034842.87429567
"hp_12","GB-COH-4887855","HealthProm",7777.5227364414,
"hpa","GB-CHC-1837621","Health Poverty Action",1224731.46225432,3321245.59550412
"iadb","XI-IATI-IADB","Inter-American Development Bank",8650910770,8781549763
"ibfd","NL-KVK-41197411","International Bureau of Fiscal Documentation (IBFD)",283671.305545765,357040.85958867
"icco-cooperation","NL-KVK-56484038","Foundation ICCO",15936194.9908119,19418071.7709779
"icdi","NL-KVK-41169161","International Child Development Initiatives",808353.05794369,747078.549317256
"icf","GB-CH-4161656","ICF Consulting Services Ltd.",1671871.31889349,2862977.43644688
"icraf_","XM-DAC-47056","World Agroforestry Centre",5340326.3,7672545.18
"idea","XM-DAC-47058","International IDEA",54451770.71613,2405157.42207086
"idh","NL-KVK-53521129","IDH, the Sustainable Trade Initiative",33412841.9289849,19520284.3525764
"idlo","XM-DAC-47059","International Development Law Organization",1961699.01681712,
"idlo","XM-DAC-47059","International Development Law Organization (IDLO)",26643327.0812817,27423185.5538607
"idp","BE-BCE_KBO-0408908151","Iles de Paix",,2072110.49544279
"idrccrdi","XM-DAC-301-2","International Development Research Centre",66621016.5533026,
"ids","GB-COH-877338","The Institute of Development Studies",,14080414.6032702
"ieu","GB-CHC-1148404","Internews Europe",74001.3382826724,632284.085936313
"ifad","XM-DAC-41108","International Fund for Agricultural Development",452967628.594656,540969189.265223
"ifrcrcs","XM-DAC-21018","International Federation of Red Cross and Red Crescent Societies",346291902.062482,323641810.92567
"ifsi_isvi","BE-BCE_KBO-0453072647","INSTITUT DE FORMATION SYNDICALE INTERNATIONALE asbl",,1373194.20195186
"ihaa","GB-CHC-1038860","International HIV/AIDS Alliance",11422579.4948658,13420590.5694325
"ihedelft","NL-KVK-41146484","IHE Delft Institute for Water Education",1903739.29761564,4280377.27112665
"iiwe","BE-BCE_KBO-0445412518","Institute for International Workers' Education",,1424403.24554333
"ilo","XM-DAC-41302","International Labour Organization (ILO)",214556181,240917630
"imcw_admin","GB-COH-02651349","IMC WORLDWIDE LTD",,325838.56767947
"imf","US-IMF-44000","International Monetary Fund",,4836996
"indtrust","GB-CHC-1075920","Indigo Trust",1015572.58047838,878131.484935836
"integrity_action","GB-COH-4884328","Integrity Action",130823.400497286,
"interburns","GB-CHC-1122299","Interburns",40805.1384199386,89002.686375288
"international-alert","GB-COH-2153193","International Alert",9468004.81613504,9973555.94083079
"ipa","NL-KVK-32037590","IPA",43020.6980815968,
"ipao","SN-NINEA-621108990A0","Panos Institute West Africa",,458701.952707554
"ipas","US-EIN-56-1071085","Ipas",,5638941.51
"ippf","GB-CHC-229476","International Planned Parenthood Federation",1161035.97009843,2789664.04355462
"irc","NL-KVK-41151952","IRC International Water and Sanitation Centre",5315294.44898665,8461829.35077623
"irc_inc","US-EIN-13-5660870","International Rescue Committee Inc.",59705699.0699339,42595965.0459675
"irc_uk","GB-CHC-1065972","IRC-UK",78336261.9578616,63270091.0727117
"irishaid","XM-DAC-21-1","DFAT / Irish Aid",803152174.177742,234433690.913881
"irw","GB-CHC-328158","Islamic Relief Worldwide",2191191.92125301,1122946.76952585
"itad","GB-COH-1869600","Itad Limited",1307022.82622694,834757.345577226
"iteco","BE-BCE_KBO-0415499795","ITECO Centre de formation pour le développement",,589117.531100136
"itm","BE-BCE_KBO-0410057701","Instituut voor Tropische Geneeskunde",,12949885.6122416
"itpc","BW-CIPA-CO20151011","International Treatment Preparedness Coalition (ITPC)",,13207
"iucn","XM-DAC-30011","International Union for Conservation of Nature",4428601.3653622,546487.70845657
"iucn_nl","NL-KVK-41180885","IUCN Netherlands Committee",2182991.34056354,9835271.66615453
"iwda","AU-ACNC-19242959685","International Women's Development Agency",2244942.30928947,3087843.18904481
"jass","US-EIN-06-1597-668","Just Associates (JASS)",600698.00012794,933940.665287334
"kesho_kenya","KE-NCB-218/051/15179/10159","Kesho Kenya",,44344.36987315
"kipkelion","GB-CHC-1142476","Friends of Kipkelion",35489.83662276,37887.420385348
"kit","NL-KVK-33185213","Royal Tropical Institute",351363.64522947,596378.965250808
"kiyo","BE-BCE_KBO-0416867297","KIYO",,1550257.7999292
"kwaafrica","GB-CHC-1054369","Kwaafrica",25795.6160067468,6726.95458690274
"lc","BE-BCE_KBO-0422717486","Louvain Coopération",,1131542.70925736
"lcd_admin","GB-CHC-218186","Leonard Cheshire",,475546.848462594
"lcd_admin","GB-CHC-218186","Leonard Cheshire Disability",1766972.74901918,288841.385297182
"lcdi_admin","GB-CHC-1048007","Link Community Development International",1454454.34712964,1213324.62372719
"learningforlife","GB-CHC-1105277","Learning for Life",109352.66938614,59227.708779674
"lepra","GB-CHC-213251","Lepra",384140.53037017,365005.25439709
"lftw-be","BE-BCE_KBO-0460240749","LIGHT FOR THE WORLD BELGIUM",,1707184.20771383
"lftwnl","NL-KVK-41180500","LFTW",,12814.0547440372
"lhcf","GB-CHC-1101217","LAMB Health Care Foundation",143618.48483136,107831.964434833
"libymca","LR-MPEA-NGO-AC-0298","YMCA of Liberia",,126854.49
"lithuania_mfa","XM-DAC-84","Ministry of Foreign Affairs of the Republic of Lithuania",56904784.0785419,
"lstm","GB-CHC-222655","Liverpool School of Tropical Medicine",2019136.00859435,1141947.2481851
"m2m_sa","ZA-NPO-025-359","mothers2mothers South Africa",652281.115946947,
"maec","ES-DIR3-E04585801","Ministry of Foreign Affairs and Cooperation, Spain",0,
"mag","GB-CHC-1083008","MAG",,10596026.5376988
"mainline","NL-KVK-41209946","Mainline Foundation",2287429.18611137,2429093.60099251
"malariaconsortium","GB-CHC-1099776","Malaria Consortium",74901420.6564059,74785997.2356963
"mamac","NL-KVK-41202535","Mama Cash",9461946.29180871,2801395.69188385
"manniondaniels","GB-COH-04105827","Mannion Danniels",40322856.9777296,27726805.8089108
"marysmeals","GB-SC-SCO45223","Mary's Meals",9753190.51336392,
"max-foundation","NL-KVK-34219433","Max Foundation",,1203367.03505853
"maydayrescue","NL-KVK-855689493","Stichting Mayday Rescue Foundation",,5553853.9990414
"mce","GB-SC-SC030289","MERCY CORPS EUROPE",21117040.1302071,28517179.4589009
"medair","CH-FDJP-106064950","Medair",969445.10518938,2806566.99869982
"medecins","BE-BCE_KBO-0460162753","Médecins du Monde Belgique",,2764355.74068126
"memisa","BE-BCE_KBO-0435563751","Memisa Belgique asbl",,6261199.77702739
"mfat","NZ-1","Ministry of Foreign Affairs and Trade",331857963.40453,65642071.5277953
"mifumi_uk","GB-CHC-1038785","Mifumi UK",168516.769963999,11355.4069845553
"millenniumchallenge","US-18","Millennium Challenge Corporation",677053092.36,712844233.21
"minbuza_nl","XM-DAC-7","Ministry of Foreign Affairs (DGIS)",3381878863.29457,3376662715.00137
"mm1","NL-KVK-41149831","Mensen met een Missie",68909.608874205,834448.309073196
"mm1","NL-KVK-41149831","Stichting CMC - Mensen met een Missie",,289489.723663776
"mmha","BE-BCE_KBO-0415426155","Miel Maya Honing asbl",,189437.984451846
"mondefemmes","BE-BCE_KBO-0430826290","Le Monde selon les femmes asbl",,805196.863884222
"mondiaalfnv","NL-KVK-41177601","Stichting Mondiaal FNV",2964953.47128518,1450866.98977377
"motivation","GB-CHC-1079358","Motivation",286804.5635103,138265.962670188
"mrc-sierra-leone","SL-NRA-1001562-8","Medical Research Centre (MRC)",53607.451083381,
"msmgf","US-EIN-471065461","Global Forum on MSM & HIV (MSMGF)",1348525.11409491,1234805.26176508
"msv","BE-BCE_KBO-0448723978","Médecins Sans Vacances",,1535677.07608796
"mukisa_foundation","UG-NGB-0498","Mukisa Foundation",,0
"mvo_nederland","NL-KVK-30195730","MVO Nederland",,1797911.08874198
"ncea","NL-KVK-41185216","Netherlands Commission for Environmental Assessment",,2357163.26309095
"network4africa","GB-CHC-1120932","Network for Africa",19161.5703300498,
"ngo-federatie","BE-BCE_KBO-0449400604","ngo-federatie (Vlaamse federatie van ngo's voor ontwikkelingssamenwerking)",,739860.749295988
"nimd-hq","NL-KVK-27189542","NIMD",6749087.05665937,5955514.94539318
"nl-kvk-41207989","NL-KVK-41207989","Aids Fonds - STOP AIDS NOW! - Soa Aids Nederland",16798363.2970042,26224364.3909646
"nl-kvk-54436222-27541","NL-KVK-54436222","CNV Internationaal",857498.641597595,6453068.21970407
"nlrc","NL-KVK-40409352","The Netherlands Red Cross",41244687.7173773,48241874.2970814
"norad","NO-BRC-971277882","Norad - Norwegian Agency for Development Cooperation",1627226345.35122,3490481421.44184
"npa","NO-BRC-871033552","Norwegian People's Aid",,0
"npm","NL-KVK-56185154","NpM, Platform for Inclusive Finance",,336080.913996
"nrc","NO-BRC-977538319","Norwegian Refugee Council",40418662.1775697,97449108.3867339
"nrgi","US-EIN-20-4451390","Natural Resource Governance Institute (NRGI)",1596699.5,5938624.45
"nri","GB-COH-00986729","Natural Resources Institute, University of Greenwich",197226.00369,
"nswp","GB-COH-SC349355","Global Network of Sex Work Projects",92955.10182,94734.217368
"ocha_fts","XM-OCHA-FTS","UNOCHA-FTS",370379555,
"odakorea","KR-GOV-021","KEXIM(EDCF)",,0
"odi","GB-CHC-228248","Overseas Development Institute",13805343.1204766,17220424.2283771
"odi","GB-CHC-228248","Overseas Development Institute (ODI)",4680459.07915668,4604044.13108015
"odi_sales_ltd","GB-COH-07157505","ODI Sales Limited",335611.520108815,1049518.92566711
"ofid","XI-IATI-OFID","The OPEC Fund for International Development (OFID)",470021725.413692,566189874.48
"omdm","BE-BCE_KBO-0416486821","Oxfam-Magasins du monde",,828602.215407885
"onetoonecf","GB-CHC-1086159","One to One Children's Fund",129114.443854842,28884.8163239801
"onl","NL-KVK-27108436","Oxfam Novib",100715680.923722,154355617.733587
"open_university","GB-CHC-000391","The Open University",314997.878409742,913219.46155652
"opportunity-international-uk","GB-COH-05322719","Opportunity International",1888988.64268224,2285485.16440584
"options","GB-COH-2695347","Options Consultancy Services",13148564.2621268,
"orbis_africa","ZA-PBO-930040668","Orbis Africa",297428.064257514,541432.798837295
"orbis_uk","GB-CHC-1061352","Orbis Charitable Trust",240935.067967156,509684.826088029
"oww","BE-BCE_KBO-0415365777","Oxfam Wereldwinkels",,934666.814341343
"oxfamgb","GB-CHC-202918","Oxfam GB",221031035.927269,232620546.568142
"oxfamus","US-EIN-23-7069110","Oxfam America",,18913817.51
"oxsol","BE-BCE_KBO-0408643875","Oxfam Solidarité-Solidariteit",,5788072.34053837
"pa","GB-COH-871954","Practical Action",117643498.158687,33069176.3226383
"palladium","GB-COH-02394229","Palladium",23774289.3933412,303902.485340328
"palladium","GB-COH-2394229","Palladium",79814765.1899129,120542800.086131
"partos_nl","NL-KVK-34214586","Partos",692170.24675224,643110.00133248
"pca-gire","ML-NIF-400100027H","Direction Nationale de l'Hydraulique",0,
"pcst","MW-RG-2977","Palliative Care Support Trust",0,0
"peas","GB-CHC-1126550","Promoting Equality in African Schools",,504748.271438326
"pgi_kenya","KE-NCB-KENCBOP218051200802235390","Pastoralist Girls Initiative",,104301.027198684
"phase_worldwide","GB-CHC-1112734","PHASE Worldwide",398346.333096985,351729.579537032
"phe","GB-CHC-1094272","Project Harar",121338.967931222,27678.1890748752
"pib","BE-BCE_KBO-0425420917","Plan International Belgium",,6523095.17124373
"pidg","XM-DAC-47086","Private Infrastructure Development Group",91891259.2360903,
"pin","CZ-ICO-25755277","People in Need",22466758.2526717,
"plannlno","NL-KVK-41198890","Plan Nederland",17178736.9029234,21653589.5322385
"plan_uk","GB-COH-1364201","Plan International UK",20539676.8530784,8951946.1253181
"pmo-us","US-EIN-26-1931968","Promundo is a global leader in promoting gender justice and preventing violence by engaging men and boys in partnership with women and girls. We believe that working with men and boys to transform harmful gender norms and unequal power dynamics is a critical part of the solution to achieve gender equality. For the empowerment of women and girls to continue advancing, men and boys must see themselves as allies in the process. Men and boys also benefit when harmful norms are challenged. Our research, programs, and advocacy efforts show that promoting healthy masculinity (or positive notions of “what it means to be a man”) and femininity (or “what is means to be a woman”) leads to improvements in men’s own lives, and in the lives of women and girls.",702618.455527226,402085.32
"pontis","SK-ZRSR-31784828","Pontis Foundation",51412.3823404541,
"populationcouncil","US-EIN-13-1687001","The Population Council, Inc.",,8822
"pragya","IN-AR-775","Pragya",3043.4615604468,
"prefa_1","UG-NGB-63360","PROTECTING FAMILIES AGAINST HIV/AIDS (PREFA)",1073408.3808652,549079.098214808
"pri","GB-COH-04154075","PENAL REFORM INTERNATIONAL",633912.901713395,
"progressio","GB-CHC-294329","Progressio",1945778.88770352,
"protos","BE-BCE_KBO-0417299047","Protos",,3637730.9040196
"pumnl","NL-KVK-41160229","PUM Netherlands",,33619773.0308321
"pumpaid","GB-CHC-1077889","Pump Aid",372172.92424152,
"pwc","GB-COH-03580586","PricewaterhouseCoopers LLP",37559384.2892051,20170917.5903028
"pwcplindia","IN-MCA-U74140WB1983PTC036093","PricewaterhouseCoopers Private Limited",,2543385.88107401
"pwyf","GB-COH-07676886","Publish What You Fund",872440.017143948,890677.584610056
"quinoa","BE-BCE_KBO-0445741823","Quinoa",,265530.943864556
"rainfoundation","NL-KVK-34200988","RAIN",411739.201130751,
"rainfoundation","NL-KVK-34200988","RAIN foundation",411739.201130751,
"rc","GB-CHC-1058991","Railway Children",,264674.822716276
"rc4d","BE-BCE_KBO-0419189557","Rotary Clubs For Development",,667956.305413842
"rcn","BE-BCE_KBO-0454555163","RCN Justice & Democratie",,1337576.49329904
"redeenkind","NL-KVK-41022454","Red een Kind",428722.065556433,
"redeenkind","NL-KVK-41022454","Stichting Red een Kind",,1511746.8857222
"restless","GB-CHC-1127488","Restless Development",6471020.45891093,8141120.21748955
"rfuk","GB-CHC-1138287","Rainforest Foundation UK",724940.382105953,2278905.16328807
"ri_kenya","KE-NCB-OP-218-051-2007-0183-4781","RELIEF INTERNATIONAL- SOMALIA",,3578345.74762894
"rikolto","BE-BCE_KBO-0662878501","Rikolto",,5775344.29093024
"rikolto_belgium","BE-BCE_KBO-0420656336","Rikolto België VZW",,8156221.44586851
"rkiv","BE-BCE_KBO-0461634084","Rode Kruis-Vlaanderen Internationaal vzw",,2983362.34950413
"rutgers","NL-KVK-41193594","Rutgers",26089651.9907933,38665320.8334723
"rvo","NL-KVK-27378529","Netherland Enterprise Agency",,18846.470314722
"rvo","NL-KVK-27378529","Netherlands Enteprise Agency",,75805.418507232
"rvo","NL-KVK-27378529","Netherlands Enterprise Agency",155970461.807272,115495873.822955
"sacethiopia","ET-CSA-0638","Send a Cow Ethiopia",279376.449344107,472083.332572652
"saferworld","GB-CHC-1043843","Saferworld",15247550.9682601,11436876.8099364
"sci","GB-CHC-1076822","Save The Children International",120983673.757482,104313039.503406
"sciaf","GB-SC-SC012302","Scottish Catholic International Aid Fund",1232468.44183083,2294643.63557031
"scibelgium","BE-BCE_KBO-0410661673","Service Civil International branche belge",,256905.664042392
"scnl","NL-KVK-41201463","Save the Children Netherlands",16281668.1597677,33659340.3556195
"sct","GB-CHC-1105489","The Sabre Charitable Trust",211012.372448967,105660.580179568
"scuk","GB-COH-213890","Save The Children UK",174673527.356261,157434764.500681
"sendacow","GB-CHC-299717","Send a Cow",3055554.49658439,1429961.40476844
"sense_international","GB-CHC-1076497","Sense International",114558.880126432,216357.862308183
"sg","BE-BCE_KBO-0479866027","Studio Globo",,1925537.25193781
"shc","BE-BCE_KBO-0431955945","Sensorial Handicap Cooperation",,602052.529861679
"sida","SE-0","Sweden",4396012144.26995,3986390037.44681
"signal","GB-CHC-1151615","Signal",78498.5113734102,61842.3704822479
"simavi","NL-KVK-40594571","Simavi",4081528.71575616,41130.43937394
"simavi","NL-KVK-40594571","Stichting Simavi",4926519.77256228,10887081.5130881
"simprints","GB-COH-8835431","Simprints",191790.265257578,
"siren","GB-COH-NI630024","Siren Associates",0,0
"sjg","ZA-PBO-064-502","Sonke Gender Justice",681075.39138501,920003.457451218
"skn","NL-KVK-41167934","Stichting Kinderpostzegels Nederland",6084101.75075606,4077043.80700586
"slovakaid","XM-DAC-69-00","State Material Reserves",21342.04873453,44699.88934977
"slovakaid","XM-DAC-69-01","Ministry of Foreign and European Affairs of the Slovak Republic",16273112.9705752,24599686.1022105
"slovakaid","XM-DAC-69-02","Slovak Aid",4952300.34994613,6801206.30039214
"slovakaid","XM-DAC-69-03","Ministry of Finance of Slovak Republic",73283680.9066715,74710263.8875387
"slovakaid","XM-DAC-69-04","Ministry of education, science, research and sport of the Slovak republic",41266.532166305,1895773.79085973
"slovakaid","XM-DAC-69-05","Ministry of interior of the Slovak Republic",5870872.70665618,4137245.14656662
"slovakaid","XM-DAC-69-18","Ecumenical Pastoral Headquarter of Armed Forces of the Slovak Republic",6499.110868915,10030.549157988
"slovakaid","XM-DAC-69-18","Industrial Property Office of the Slovak Republic",4225.03069939,3934.853385678
"slovakaid","XM-DAC-69-18","Ministry of agriculture and rural development of the Slovak republic",861558.78765209,496737.740980806
"slovakaid","XM-DAC-69-18","Ministry of Economy of the Slovak Republic",197043.790299655,1034598.02681744
"slovakaid","XM-DAC-69-18","Ministry of Environment of the Slovak Republic",293749.18783475,410170.96649589
"slovakaid","XM-DAC-69-18","Ministry of Health of the Slovak Republic",604817.903033605,550146.41159862
"slovakaid","XM-DAC-69-18","Ministry of Labour, Social Affairs and Family of the Slovak Republic",385745.96681932,382836.761420316
"slovakaid","XM-DAC-69-18","Ministry of Transport, Construction and Regional Development of the Slovak Republic",50222.31358332,48942.628941894
"slovakaid","XM-DAC-69-18","Nuclear Regulatory Authority of the Slovak Republic",194818.40089775,354472.885625016
"snv","NL-KVK-41152786","SNV Netherlands Development Organisation",25569733.0807553,16822812.0971453
"solidagro_admin","BE-BCE_KBO-0410757386","Solidagro",,1876189.87105222
"solidaridad","NL-KVK-51756811","Solidaridad",1013923.05013348,1223173.17172428
"solidaridad-europe","NL-KVK-41150939","Solidaridad Europa",3712800.50420254,9445824.67810488
"solidaridad-ssea","HK-CR-1494242","Solidaridad South & South-East Asia",214433.033990125,593348.598083334
"solidaridad-waf","GH-DSW-5574","Solidaridad West Africa",294703.903126943,26824149.1584782
"solsoc","BE-BCE_KBO-0432624255","Solsoc",,4376424.31302335
"somo","NL-KVK-41223308","SOMO",2662235.22273316,2965230.62630369
"sosfaim","BE-BCE_KBO-0425410524","SOS FAIM",,6303126.95372516
"soundseekers","GB-COH-04354941","Sound Seekers",185545.61555394,116428.429059018
"spark","NL-KVK-NL-KVK-41213450","SPARK",,84470.216031498
"spuk","GB-CHC-1001349","Samaritan's Purse UK",695334.942575143,265611.31698057
"ss-org","GB-CHC-207544","Sightsavers",62993047.5690014,62092110.8117738
"stichting_hivos","NL-KVK-41198677","Hivos",12649296.3617583,18873394.084503
"street_child","GB-CHC-1128536","Street Child",833646.52974144,833095.649818369
"stromme_ug","XI-IATI-5914-1107","Stromme Foundation",283414.499275327,
"st_vluchteling","NL-KVK-41149486","Stichting Vluchteling",6907582.1449126,10130518.5686539
"surf","GB-CHC-1065705","Survivors Fund (SURF)",139931.51074176,72933.22029894
"svdbskb_admin","BE-BCE_KBO-0408628435","SOS Villages d'Enfants Belgique / SOS Kinderdorpen België",,1109965.86346349
"taf","US-EIN-941191246","The Asia Foundation",889932.52,
"tb-a","US-EIN-13-4128413","Global Alliance for TB Drug Development",54033661,
"tbalert","GB-CHC-1071886","TB Alert",245151.759926048,470389.511923493
"tbi","NL-KVK-41155305","Tropenbos International",1818892.31521272,5321178.13360508
"tdh_nl","NL-KVK-41149287","tdh_nl",4838537.69122707,697468.156921748
"tear","NL-KVK-41177385","Tear Nederland (PME)",24134338.1041845,26326777.7245283
"tear","NL-KVK-41177385-2015083-NIJR2","NL-KVK-41177385",,156118.606857558
"tear","NL-KVK-41177385-2016013-CARJR2","NL-KVK-41177385",728279.983984245,
"tear","NL-KVK-41177385-2016021-NJR2","NL-KVK-41177385",632652.42298692,376110.631987188
"tear","NL-KVK-41177385-2016046-EJR2","NL-KVK-41177385",351210.93327648,
"tear","NL-KVK-41177385-2016054-SSJR2","NL-KVK-41177385",855311.983488115,93912.059695842
"tear","NL-KVK-41177385-2016060-SJR2","NL-KVK-41177385",1010922.14375986,
"tear","NL-KVK-41177385-2016061-SSPJR","NL-KVK-41177385",444012.216535135,
"tear","NL-KVK-41177385-2017013-IRQJR3","NL-KVK-41177385",,491767.577933892
"tear","NL-KVK-41177385-2017021-NJR3","NL-KVK-41177385",,576675.375826566
"tear","NL-KVK-41177385-2017054-SSJR3","NL-KVK-41177385",,265927.970458392
"tear","NL-KVK-41177385-2017060-SJR3","NL-KVK-41177385",,565531.699614504
"tear","NL-KVK-41177385-2017061-SSPJR2","NL-KVK-41177385",,494366.0021817
"tear","NL-KVK-41177385-2017065-CARJR3","NL-KVK-41177385",,305118.613952892
"tearfund","GB-CHC-265464","tearfund",833045.458079473,3560866.86593346
"tfac","GB-CHC-1104458","Theatre for a Change UK",880763.88979824,238696.119627504
"tfacmalawi","MW-NBM-00139","Theatre for a Change Malawi",714359.36289108,221946.928214998
"tfb_admin1","BE-BCE_KBO-0419872616","Tearfund",,233143.164519252
"theglobalfund","47045","The Global Fund to Fight AIDS, Tuberculosis and Malaria",4727985238,3344381443
"theict","GB-CHC-254781","The International Children's Trust",98818.1168888376,85508.0431035803
"theict","GB-CHC-254781","The International Children\'s Trust",100363.365683934,
"the_mentor_initiative","GB-COH-05126149","The MENTOR Initiative",377322.48842034,4366891.83495278
"the_power_of_nutrition","GB-COH-09288843","The Power of Nutrition",15850166,41186638
"thp_org","NL-KVK-41201198","The Hunger Project Netherlands",1452882.96292475,1391935.19022669
"tib","BD-NAB-1301","Transparency International Bangladesh",0,0
"ti-uk","GB-CHC-1112842","Transparency International UK",,403422.505278139
"tlmew","GB-CHC-1050327","The Leprosy Mission England and Wales",627097.3614234,309734.073707208
"tmea","KE-RCO-CPR/2009/5689","TradeMark East Africa",,23541008
"tni","NL-KVK-41201806","Transnational Institute",2015206.85060643,2362123.27604315
"traidcraft","GB-COH-3031674","Traidcraft Exchange",417980.86629444,373614.545957968
"transparency-international","21033-1.0744","Transparency International",0,0
"transparency-international","21033-1.0931-2","Transparency International",0,0
"transparency-international","21033-1.0931-3","Transparency International",0,0
"transparency-international","21033-1.0941","Transparency International",0,0
"transparency-international","21033-1.1053","Transparency International",0,0
"transparency-international","21033-1.2001","Transparency International",0,0
"transparency-international","21033-1.2008","Transparency International",0,0
"transparency-international","XM-DAC-21033","Transparency International Secretariat",19118579.7960947,0
"trianglen","DK-CVR-33985339","Trianglen",98942.440903306,156767.244175716
"trias","BE-BCE_KBO-0427736148","Trias",,9151564.48886882
"troc","GB-COH-NI21482","Trocaire (Northern Ireland)",2706098.07700294,2053737.90664888
"tropicalhealth","GB-CHC-1113101","THET",,261218.008037527
"twaweza","TZ-BRE-63966","Twaweza",8118889,
"uaf","US-EIN-03-041973","Urgent Action Fund for Women's Human Rights",375472.2148515,450325.8689886
"uaf-africa","KE-NCB-200201282375","Urgent Action Fund-Africa",491386.120212685,512354.2255986
"uafla","CO-CCB-00159397","Urgent Action Fund Latin America",334184.65712645,167363.7840168
"uawc","PS-MOI-RA-22220-A","Union of Agricultural Work Committees",,1488125.72
"ub","BE-BCE_KBO-0407562029","UNICEF BELGIUM",,1790303.02885669
"ucos","BE-BCE_KBO-0420790948","Universitair Centrum voor Ontwikkelingssamenwerking",,229546.354399215
"udpk","KE-RSO-14210","UDPK",,0
"ukmod","GB-GOV-8","Ministry of Defence",6927683.31470958,
"ulbcoop","BE-BCE_KBO-0415627875","ULB-Coopération",,2865209.33737591
"umati","TZ-TRA-101-304-795","CHAMA CHA UZAZI NA MALEZI BORA TANZANIA (UMATI)",,0
"umn","XI-IATI-1002","United Mission to Nepal",286253.808200614,312651.006073465
"unaids","XM-DAC-41110","The Joint United Nations Programme on HIV and AIDS (UNAIDS) Secretariat",,60141586
"unais","GB-CHC-1069182","International Service",,1161604.17698133
"uncdf","XM-DAC-41111","United Nations Capital Development Fund",59975269.34,52213634.08
"undp","XM-DAC-41114","United Nations Development Programme",3709305124,4334177865
"un-environment","XM-DAC-41116","UN Environment",,44853205.96
"unesco","XM-DAC-41304","United Nations Educational, Scientific and Cultural Organization (UNESCO)",321886381,403443943
"unf","US-EIN-58-2368165","United Nations Foundation",,387847
"unhcr","XM-DAC-41121","United Nations High Commissioner for Refugees (UNHCR)",3967095654.1,4083351900.77
"unicef","41122","UNICEF",5087727129,5438177685
"unicefnl","NL-KVK-27102631","UNICEF Nederland",,5368489.98066229
"unido","XM-DAC-41123","United Nations Industrial Development Organization",179052906.5,205786089.98
"unitedstates","US-USAGOV","USA",6645518078.66,8623835630.43
"unocha-cbpf","XM-OCHA-CBPF","United Nations Office for the Coordination of Humanitarian Affairs",464161249.24,642979123.07
"unocha-sdc","XI-IATI-OCHASDC","United Nations Office for the Coordination of Humanitarian Affairs (Specially-Designated Contributions)",,1991832
"unops","41AAA","United Nations Office for Project Services",639215943,1143303608
"unpf","XI-IATI-UNPF","UN Pooled Funds",1797516587,
"uq","GB-COH-SC301345","Upper Quartile",1342827.19427167,1460288.73353325
"usaid","US-GOV-1","U.S. Agency for International Development",19427363812.49,19748920760.44
"utd","XM-DAC-30010","Unitaid",142298904,164880022
"utz","NL-KVK-34159275","UTZ - joined forces with Rainforest Alliance",3670704.03790215,4452227.3970088
"uva_org","NL-KVK-34370207","University of Amsterdam",270497.996234007,
"uvcw","BE-BCE_KBO-0451461655","Union des Villes et Communes de Wallonie",,448128.711818644
"varkeyfoundation","GB-CHC-1145119","VARKEY FOUNDATION",,2065413.04069651
"vei_nl","NL-KVK-08134161","VEI",,1880824.95691672
"via-db","BE-BCE_KBO-0413119733","VIA Don Bosco",,6935985.16766845
"viva","GB-CHC-1053389","Viva",,1655045.82983339
"vlir-uos","BE-BCE_KBO-0418766123","Flemish Interuniversity Council for University Development Cooperation (VLIR-UOS)",,28518448.5088984
"vngi","NL-kvk-27195046","VNG International",,468085.151380194
"vsfbelgium","BE-BCE_KBO-0442168263","VETERINAIRES SANS FRONTIERES / DIERENARTSEN ZONDER GRENZEN - BELGIUM",,2312168.43454444
"vso","GB-CHC-313757","Voluntary Service Overseas (VSO)",,18504519.9726504
"vvob","BE-BCE_KBO-0423616717","VVOB Education for Development",,8066194.56048365
"vvsg","BE-BCE_KBO-0451857573","VVSG - Association of Flemish Cities and Municipalities",,1204132.41986757
"wag-1983","ZW-ROD-MA988-87","Women's Action Group",,8947.9
"wageningen_ur","NL-KVK-09098104","Wageningen University & Research - Stichting Wageningen Research",15052635.7224541,19087100.8657782
"warchildholland","NL-KVK-41215393","War Child Holland",16132482.1377135,20622549.0602124
"waste","NL-KVK-41172933","WASTE",1087984.29131052,57545.8492248708
"wateraid","GB-CHC-288701","WaterAid",44117676.3931834,42050574.6185899
"water-witness-international","GB-COH-353570","Water Witness International",431084.819525588,76037.8249443287
"waterworks","GB-CHC-1158206","Water Works",66880.6255812,76079.20876002
"wcc","CA-CRA_ACR-872374426","War Child Canada",,278025.755573946
"wccuk","GB-CHC-1084729","World Child Cancer UK",159825.907837273,66436.7157610969
"wcf","GB-CHC-1085096","Women and Children First (UK)",174476.600919215,
"wcuk","GB-CHC-1071659","War Child UK",173104.244037768,4276471.84005296
"w-d","NL-KVK-41118168","Stichting Woord en Daad",1574736.06414185,2246060.85761828
"wedo","US-EIN-52-1238773","Women's Environment & Development Organization",87098,191110.74
"welbodipartnership","GB-CHC-1125217","Welbodi Partnership",59608.3402905,119470.83009516
"wellfound","GB-CHC-1110434","WELLFOUND",104218.0157643,33140.302837572
"wemos","NL-KVK-41201644","Wemos",1498966.30674045,2015927.95844554
"wep","NG-CAC-495140","Women Environmental Programme",0,0
"wff","NL-KVK-60633468","Water Finance Facility",,2335958.58743675
"wfm-igp","NL-KVK-41153698","World Federalist Movement - Institute for Global Policy",840482.32492276,752961.093100488
"wfp","XM-DAC-41140","World Food Programme",5297771241,6149495082
"wfwiuk","GB-CHC-1115109","Women for Women International (UK)",1792916.72752093,1947397.00896737
"wgnrr_iati","PH-SEC-FN200806591","WGNRR",,242394.400682675
"who","XM-DAC-928","World Health Organization",,2519173565.61
"wi","NL-KVK-9099028","Wetlands International",7054958.03241479,10177093.9699499
"win","DE-CR-VR32914","Water Integrity Network Association",,2053396.86731216
"wnf","NL-KVK-41177588","WWF Netherlands",2270519.10383861,2531792.25934924
"womankindworld","GB-CHC-328206","Womankind Worldwide",1070485.99302743,205256.500286145
"wo-men","NL-KVK-27293385","WO=MEN",110710.632875975,104513.269734642
"worldbank","44000","World Bank Group",30284190185,30670016484
"worldeconomicforum","US-EIN-20-3908371","World Economic Forum",,433760
"worldwaternet","NL-KVK-34271281","World Waternet",,3542772.14354619
"wowni","GB-COH-NI011322","War on Want NI",87401.61850122,33833.443384688
"wpp","NL-KVK-56083459","Women Peacemakers Program",14678.05322072,
"wri","US-EIN-521257057","World Resources Institute",,825574.22
"wsm","BE-BCE_KBO-0413986102","WSM-Wereldsolidariteit-Solidarité Mondiale",,7436886.46622469
"wusc","CA-CRA_ARC-119304848","World University Service of Canada",5537391.65616967,3079523.32911419
"wvnld","NL-KVK-41179943","World Vision Netherlands",4457677.40029507,3678433.97721443
"wvuk","GB-CHC-285908","World Vision UK",,1654922.81327345
"wvz-gec","ZW-PVO-26/79","World Vision International - Zimbabwe",,79792.29
"wwf-be","BE-BCE_KBO-0408656248","WWF-Belgium",121469.079303285,2675467.62825645
"wwf-uk","GB-CHC-1081247","WWF-UK",1670094.13075211,
"wws","NL-KVK-66926262","Win-Win Strategies",,74938.8598096242
"wygi","NL-KVK-06702132","WYG International B.V.",2599224.41182744,4276554.82440103
"ycare","GB-CHC-1109789","Y Care International",1495978.07951065,745511.510101895
"ywcabd","BD-NAB-051","Young Women's Christian Association of Bangladesh",166882.19337754,187469.861630029
"zet","GB-CHC-327519","Zimbabwe Educational Trust",28279.9587905472,
"zoa","NL-KVK-41009723","ZOA",37177790.4198558,40068460.2220212
